-- phpMyAdmin SQL Dump
-- version 4.7.9
-- https://www.phpmyadmin.net/
--
-- Host: 127.0.0.1
-- Generation Time: Oct 07, 2018 at 06:31 AM
-- Server version: 10.1.31-MariaDB
-- PHP Version: 7.2.3

SET SQL_MODE = "NO_AUTO_VALUE_ON_ZERO";
SET AUTOCOMMIT = 0;
START TRANSACTION;
SET time_zone = "+00:00";


/*!40101 SET @OLD_CHARACTER_SET_CLIENT=@@CHARACTER_SET_CLIENT */;
/*!40101 SET @OLD_CHARACTER_SET_RESULTS=@@CHARACTER_SET_RESULTS */;
/*!40101 SET @OLD_COLLATION_CONNECTION=@@COLLATION_CONNECTION */;
/*!40101 SET NAMES utf8mb4 */;

--
-- Database: `vibes`
--

-- --------------------------------------------------------

--
-- Table structure for table `image`
--

CREATE TABLE `image` (
  `imageID` int(11) NOT NULL,
  `imageName` varchar(255) NOT NULL,
  `userID` int(11) NOT NULL
) ENGINE=InnoDB DEFAULT CHARSET=latin1;

--
-- Dumping data for table `image`
--

INSERT INTO `image` (`imageID`, `imageName`, `userID`) VALUES
(1, 'https://lh3.googleusercontent.com/-XdUIqdMkCWA/AAAAAAAAAAI/AAAAAAAAAAA/4252rscbv5M/photo.jpg', 8);

-- --------------------------------------------------------

--
-- Table structure for table `searchedhistory`
--

CREATE TABLE `searchedhistory` (
  `searchedHistoryID` int(11) NOT NULL,
  `searched` varchar(40) NOT NULL
) ENGINE=InnoDB DEFAULT CHARSET=latin1;

--
-- Dumping data for table `searchedhistory`
--

INSERT INTO `searchedhistory` (`searchedHistoryID`, `searched`) VALUES
(4, '2pac'),
(5, 'Bob Marley'),
(6, 'Wayne'),
(7, 'Drake'),
(8, 'changed'),
(9, 'm2k'),
(10, 'changes'),
(11, 'bob'),
(12, 'skepta ghost ride'),
(13, 'ghetto'),
(14, 'closure cadet'),
(15, 'cadet'),
(16, 'closure'),
(17, 'happy'),
(18, 'cadet closure'),
(19, 'asap rocky forever'),
(21, 'humble'),
(22, 'survival'),
(23, 'mask off'),
(24, 'shut up'),
(25, 'it was written'),
(26, 'damn'),
(27, 'ladies hit squad'),
(28, 'one love'),
(29, 'it ain&#39;t safe'),
(30, 'it aint safe'),
(31, 'set'),
(32, 'roll in peace'),
(33, 'gambia'),
(34, 'skepta'),
(35, 'gangnam style'),
(36, 'fall in love'),
(37, 'everyday'),
(38, 'michael'),
(39, 'michael jackson'),
(40, 'buju'),
(41, 'dmx'),
(42, 'lil'),
(43, 'peter'),
(44, 'haha'),
(45, 'lil wayne'),
(46, 'pac'),
(47, 'lil yahty'),
(48, 'lil yatchy'),
(49, 'lil yachty'),
(50, 'cardi b'),
(51, ' savage'),
(52, 'weezy'),
(53, ' cent'),
(54, 'cent'),
(55, 'blocboy jb'),
(56, 'lecrae'),
(57, 'shabba ranks'),
(58, 'in da club'),
(59, '50 cent'),
(60, 'rescue me'),
(61, 'all over the house'),
(62, 'iron like zion'),
(63, 'iron lion zion'),
(64, '2 chainz'),
(65, 'chronixx'),
(66, 'tory lanez'),
(67, 'diego'),
(68, 'winner'),
(69, 'holla at me'),
(70, 'legalise it'),
(71, 'legalize it'),
(72, 'ready to die'),
(73, 'illmatic'),
(74, 'nas'),
(75, 'get up 10'),
(76, 'jimi hendrix'),
(77, 'jim'),
(78, 'sneakbo'),
(79, 'all my life'),
(80, 'hit em up'),
(81, 'coops'),
(82, 'chillin39'),
(83, 'chillin'),
(84, 'r kelly'),
(85, 'africa'),
(86, 'post malone'),
(87, 'mist'),
(88, 'three little birds'),
(89, 'peter tosh'),
(90, 'the world'),
(91, 'lol'),
(92, 'joey bada'),
(93, 'joey badass'),
(94, 'kojo funds'),
(95, 'dem boy paigo'),
(96, 'dem boy paigon'),
(97, 'j hus'),
(98, 'jay z'),
(99, 'freaky fridays'),
(100, 'freaky friday'),
(101, 'meek mill'),
(102, 'futuristic'),
(103, 'kodak black'),
(104, 'snoop dogg'),
(105, 'loski'),
(106, '21 savage'),
(107, '21'),
(108, 'wiz khalifa'),
(109, 'wiz'),
(110, 'w'),
(111, 'ray j'),
(112, 'hit boy'),
(113, 'rick ross'),
(114, 'giggs'),
(115, 'stormzy'),
(116, 'common'),
(117, 'avicii'),
(118, 'junior kelly'),
(119, 'j cole'),
(120, 'myers'),
(121, 'kod'),
(122, 'bob marley one love'),
(123, 'chill spot'),
(124, 'radioactive'),
(125, 'radioactive the 100'),
(126, 'the 100'),
(127, 'love'),
(128, 'michael dapaah'),
(129, 'james'),
(130, 'purple haze'),
(131, 'damian marley'),
(132, 'jimi hendrixx'),
(133, 'miguel'),
(134, 'asap rocky'),
(135, 'b young'),
(136, 'migos notice'),
(137, 'hero'),
(138, 'eminem'),
(139, 'akon'),
(140, 'aj tracey'),
(141, 'krept and konan');

-- --------------------------------------------------------

--
-- Table structure for table `track`
--

CREATE TABLE `track` (
  `trackID` int(11) NOT NULL,
  `spotifyID` varchar(255) NOT NULL
) ENGINE=InnoDB DEFAULT CHARSET=latin1;

--
-- Dumping data for table `track`
--

INSERT INTO `track` (`trackID`, `spotifyID`) VALUES
(39, '0s7GsjbbgT6fgUoOnuChwi'),
(40, '1axkyMvaStEP5ajSh9KEDx'),
(41, '3NvzdCtpu2zAE2mGvUp9tO'),
(42, '49XPJMST7MernbM1FcXCOw'),
(43, '10Igtw8bSDyyFs7KIsKngZ'),
(44, '3gY6tiCNsuVi6s8kPV6aQg'),
(45, '1AHfovSnGPVYKaahRtA0U6'),
(46, '4PzsYXrHh4r2BxtpNjtvoF'),
(47, '07W9fL0ee9LsqD9c3kNrdo');

-- --------------------------------------------------------

--
-- Table structure for table `trackviewed`
--

CREATE TABLE `trackviewed` (
  `trackViewedID` int(11) NOT NULL,
  `trackID` varchar(255) NOT NULL
) ENGINE=InnoDB DEFAULT CHARSET=latin1;

--
-- Dumping data for table `trackviewed`
--

INSERT INTO `trackviewed` (`trackViewedID`, `trackID`) VALUES
(7, '1CireMJYXN8Rw4u1HG5GFZ'),
(8, '1Ci5Pl39IIwzx0p0CSuvG4'),
(9, '1AHfovSnGPVYKaahRtA0U6'),
(10, '4PzsYXrHh4r2BxtpNjtvoF'),
(11, '4gnKkcqXovx4T39FVr2q9i'),
(12, '0KOustxsiLoUoWRrGmQw1c'),
(13, '07W9fL0ee9LsqD9c3kNrdo'),
(14, '1nw1txfLn99hpq4tXwEI6b'),
(15, '6p0oueDA9LDe3m6F7quo5z'),
(16, '20dP2DaMHIAmwWAbp7peSr'),
(17, '25oOaleife6E2MIKmFkPvg'),
(18, '3Wyc7M8twhxeyaC51BcQYb'),
(19, '6rMxXLAPAfhoHLFTu6dLN4'),
(20, '0sHu2d3Pd8EzZXBczp5p93'),
(21, '14boA065HMHWvqyPPEeN4y'),
(22, '5J6D8QvlGZw9g5x38fAnjE'),
(23, '1GPWHf45DwSziB91p9Phbm'),
(24, '00BHe2yBtdOzhKPmI7rpTE'),
(25, '3gY6tiCNsuVi6s8kPV6aQg'),
(26, '3DKCTIiJ97bS9TGiqcABjo'),
(27, '6fu5nZTIlBtyM3SRoJ3rZ1'),
(28, '26RcjBcThMrZ8KvsqApOvN'),
(29, '3UYuDTslR35thjQzaVwRMe'),
(30, '7G3lxTsMfSx4yarMkfgnTC'),
(31, '1LI4wMg4FQ9b1fGIzD63WK'),
(32, '158DIbrVt4YbqNnWyRCS3P'),
(33, '5FHXxdJeq1iAE9PjDTEgyd'),
(34, '2NPxL1QqPrD1a7OLHjVcAP'),
(35, '2DxmjucrEJZGF0gy9QoEMV'),
(36, '6DPrhGVJ1WTZvM9fKptnGe'),
(37, '2CPturRUlpvirYr7VpkXCV'),
(38, '5IVuqXILoxVWvWEPm82Jxr'),
(39, '5NaOWLOmVjcA3M5spRATN9'),
(40, '7jzjN8awsBYLjFqlsSCJ1j'),
(41, '17vAuuKThFJpGIRLHYaHqb'),
(42, '6gOirCUz62z0mFhCJ6P5KC'),
(43, '4HlAtQ34aV37lKs9hhbgtc'),
(44, '3vuK27T8giJR9NzWpDXNZS'),
(45, '534WIug9nn7eRb9PtPIqmD');

-- --------------------------------------------------------

--
-- Table structure for table `user`
--

CREATE TABLE `user` (
  `userID` int(11) NOT NULL,
  `userType` enum('vibes','facebook','google') NOT NULL,
  `email` varchar(50) NOT NULL,
  `name` varchar(255) NOT NULL
) ENGINE=InnoDB DEFAULT CHARSET=latin1;

--
-- Dumping data for table `user`
--

INSERT INTO `user` (`userID`, `userType`, `email`, `name`) VALUES
(8, 'google', 'jamaaly.mj@gmail.com', 'Mohammed Jammeh'),
(9, 'vibes', 'mohammedjammeh@yahoo.com', 'mohammed'),
(10, 'google', 'molly@yahoo.com', 'Molly'),
(11, 'google', 'mrRanks@yahoo.com', 'MrRanks'),
(12, 'google', 'mo@yahoo.com', 'mo');

-- --------------------------------------------------------

--
-- Table structure for table `usersearchedhistory`
--

CREATE TABLE `usersearchedhistory` (
  `userSearchedHstoryID` int(11) NOT NULL,
  `searchedTime` datetime NOT NULL,
  `searchedLocation` varchar(50) NOT NULL,
  `userID` int(11) NOT NULL,
  `searchedHistoryID` int(11) NOT NULL
) ENGINE=InnoDB DEFAULT CHARSET=latin1;

--
-- Dumping data for table `usersearchedhistory`
--

INSERT INTO `usersearchedhistory` (`userSearchedHstoryID`, `searchedTime`, `searchedLocation`, `userID`, `searchedHistoryID`) VALUES
(5, '2018-04-14 06:02:25', 'Hull', 8, 4),
(6, '2018-04-14 06:02:47', 'Hull', 8, 4),
(7, '2018-04-14 06:06:38', 'Hull', 8, 4),
(8, '2018-04-14 06:07:11', 'Hull', 8, 5),
(9, '2018-04-14 06:08:04', 'Hull', 8, 6),
(10, '2018-04-14 06:08:44', 'Hull', 8, 7),
(11, '2018-04-14 06:10:06', 'Hull', 8, 5),
(12, '2018-04-14 06:25:03', 'Hull', 8, 4),
(13, '2018-04-14 06:41:26', 'Hull', 8, 8),
(14, '2018-04-14 06:46:45', 'Hull', 8, 9),
(15, '2018-04-14 08:37:04', 'Hull', 8, 10),
(16, '2018-04-14 15:57:52', 'Hull', 8, 10),
(17, '2018-04-14 17:37:05', 'Hull', 8, 11),
(18, '2018-04-14 17:57:37', 'Hull', 8, 12),
(19, '2018-04-14 18:11:52', 'Hull', 8, 13),
(20, '2018-04-14 22:40:54', 'Hull', 8, 14),
(21, '2018-04-14 22:42:05', 'Hull', 8, 15),
(22, '2018-04-14 22:42:15', 'Hull', 8, 16),
(23, '2018-04-14 22:42:20', 'Hull', 8, 17),
(24, '2018-04-14 22:42:59', 'Hull', 8, 18),
(25, '2018-04-14 22:54:08', 'Hull', 8, 12),
(26, '2018-04-14 23:04:00', 'Hull', 8, 19),
(28, '2018-04-14 23:43:35', 'Hull', 8, 12),
(29, '2018-04-14 23:44:04', 'Hull', 8, 12),
(30, '2018-04-14 23:44:54', 'Hull', 8, 10),
(31, '2018-04-14 23:45:04', 'Hull', 8, 12),
(32, '2018-04-14 23:57:11', 'Hull', 8, 21),
(33, '2018-04-14 23:58:20', 'Hull', 8, 22),
(34, '2018-04-14 23:58:38', 'Hull', 8, 23),
(35, '2018-04-14 23:58:48', 'Hull', 8, 24),
(36, '2018-04-15 00:27:10', 'Hull', 8, 25),
(37, '2018-04-15 01:58:16', 'Hull', 8, 26),
(38, '2018-04-15 02:30:56', 'Hull', 8, 21),
(39, '2018-04-15 02:31:06', 'Hull', 8, 17),
(40, '2018-04-15 02:56:08', 'Hull', 8, 27),
(41, '2018-04-15 04:49:17', 'Hull', 8, 10),
(42, '2018-04-15 04:50:18', 'Hull', 8, 28),
(43, '2018-04-15 04:51:01', 'Hull', 8, 28),
(44, '2018-04-15 05:06:02', 'Hull', 8, 29),
(45, '2018-04-15 05:23:37', 'Hull', 8, 29),
(46, '2018-04-15 05:24:00', 'Hull', 8, 29),
(47, '2018-04-15 05:24:05', 'Hull', 8, 17),
(48, '2018-04-15 05:24:16', 'Hull', 8, 29),
(49, '2018-04-15 05:25:43', 'Hull', 8, 29),
(50, '2018-04-15 06:01:26', 'Hull', 8, 30),
(51, '2018-04-15 06:05:35', 'Hull', 8, 31),
(52, '2018-04-15 06:05:51', 'Hull', 8, 32),
(53, '2018-04-15 06:23:00', 'Hull', 8, 11),
(54, '2018-04-15 06:23:57', 'Hull', 8, 33),
(55, '2018-04-15 06:28:41', 'Hull', 8, 34),
(56, '2018-04-15 14:29:45', 'Hull', 8, 35),
(57, '2018-04-15 14:30:05', 'Hull', 8, 36),
(58, '2018-04-15 14:33:53', 'Hull', 8, 37),
(59, '2018-04-15 14:37:22', 'Hull', 8, 38),
(60, '2018-04-15 14:48:26', 'Hull', 8, 39),
(61, '2018-04-15 15:11:11', 'Hull', 8, 40),
(62, '2018-04-15 15:13:44', 'Hull', 8, 34),
(63, '2018-04-15 15:21:31', 'Hull', 8, 40),
(64, '2018-04-15 15:24:14', 'Hull', 8, 38),
(65, '2018-04-15 15:24:44', 'Hull', 8, 41),
(66, '2018-04-15 15:25:54', 'Hull', 8, 41),
(67, '2018-04-15 15:26:04', 'Hull', 8, 41),
(68, '2018-04-15 15:29:40', 'Hull', 8, 41),
(69, '2018-04-15 15:30:03', 'Hull', 8, 40),
(70, '2018-04-15 15:30:39', 'Hull', 8, 42),
(71, '2018-04-15 15:38:18', 'Hull', 8, 40),
(72, '2018-04-15 15:44:33', 'Hull', 8, 40),
(73, '2018-04-15 15:45:07', 'Hull', 8, 40),
(74, '2018-04-15 15:45:52', 'Hull', 8, 38),
(75, '2018-04-15 15:50:42', 'Hull', 8, 38),
(76, '2018-04-15 15:57:49', 'Hull', 8, 43),
(77, '2018-04-15 15:59:08', 'Hull', 8, 11),
(78, '2018-04-15 16:19:13', 'Hull', 8, 11),
(79, '2018-04-15 16:19:57', 'Hull', 8, 11),
(80, '2018-04-15 16:21:18', 'Hull', 8, 44),
(81, '2018-04-15 16:22:12', 'Hull', 8, 11),
(82, '2018-04-15 16:32:43', 'Hull', 8, 5),
(83, '2018-04-15 16:35:05', 'Hull', 8, 5),
(84, '2018-04-15 16:35:08', 'Hull', 8, 5),
(85, '2018-04-15 16:36:36', 'Hull', 8, 45),
(86, '2018-04-15 16:37:13', 'Hull', 8, 45),
(87, '2018-04-15 16:38:13', 'Hull', 8, 45),
(88, '2018-04-15 16:40:54', 'Hull', 8, 5),
(89, '2018-04-15 16:41:04', 'Hull', 8, 45),
(90, '2018-04-15 16:44:46', 'Hull', 8, 46),
(91, '2018-04-15 16:45:02', 'Hull', 8, 45),
(92, '2018-04-15 16:45:08', 'Hull', 8, 45),
(93, '2018-04-15 16:45:18', 'Hull', 8, 46),
(94, '2018-04-15 16:45:35', 'Hull', 8, 47),
(95, '2018-04-15 16:45:44', 'Hull', 8, 48),
(96, '2018-04-15 16:45:48', 'Hull', 8, 48),
(97, '2018-04-15 16:46:08', 'Hull', 8, 49),
(98, '2018-04-15 16:46:23', 'Hull', 8, 40),
(99, '2018-04-15 16:46:43', 'Hull', 8, 45),
(100, '2018-04-15 16:48:14', 'Hull', 8, 50),
(101, '2018-04-15 16:48:28', 'Hull', 8, 45),
(102, '2018-04-15 16:48:34', 'Hull', 8, 45),
(103, '2018-04-15 16:53:04', 'Hull', 8, 45),
(104, '2018-04-15 16:56:28', 'Hull', 8, 45),
(105, '2018-04-15 17:01:15', 'Hull', 8, 45),
(106, '2018-04-15 17:01:21', 'Hull', 8, 45),
(107, '2018-04-15 17:02:46', 'Hull', 8, 45),
(108, '2018-04-15 17:07:44', 'Hull', 8, 45),
(109, '2018-04-15 17:10:03', 'Hull', 8, 51),
(110, '2018-04-15 17:10:19', 'Hull', 8, 51),
(111, '2018-04-15 17:10:34', 'Hull', 8, 51),
(112, '2018-04-15 17:11:40', 'Hull', 8, 45),
(113, '2018-04-15 17:13:02', 'Hull', 8, 45),
(114, '2018-04-15 17:13:21', 'Hull', 8, 45),
(115, '2018-04-15 17:19:02', 'Hull', 8, 45),
(116, '2018-04-15 17:19:52', 'Hull', 8, 45),
(117, '2018-04-15 17:20:19', 'Hull', 8, 45),
(118, '2018-04-15 17:20:59', 'Hull', 8, 45),
(119, '2018-04-15 17:24:00', 'Hull', 8, 45),
(120, '2018-04-15 17:24:18', 'Hull', 8, 45),
(121, '2018-04-15 17:56:18', 'Hull', 8, 52),
(122, '2018-04-15 17:56:36', 'Hull', 8, 45),
(123, '2018-04-15 17:56:47', 'Hull', 8, 45),
(124, '2018-04-15 17:57:27', 'Hull', 8, 53),
(125, '2018-04-15 17:57:35', 'Hull', 8, 54),
(126, '2018-04-15 17:57:44', 'Hull', 8, 53),
(127, '2018-04-15 17:57:58', 'Hull', 8, 53),
(128, '2018-04-15 17:58:15', 'Hull', 8, 45),
(129, '2018-04-15 18:00:46', 'Hull', 8, 55),
(130, '2018-04-15 18:01:07', 'Hull', 8, 45),
(131, '2018-04-15 18:01:47', 'Hull', 8, 45),
(132, '2018-04-15 18:04:32', 'Hull', 8, 45),
(133, '2018-04-15 18:05:32', 'Hull', 8, 45),
(134, '2018-04-15 18:09:04', 'Hull', 8, 45),
(135, '2018-04-15 18:10:54', 'Hull', 8, 45),
(136, '2018-04-15 18:15:16', 'Hull', 8, 45),
(137, '2018-04-15 18:19:44', 'Hull', 8, 45),
(138, '2018-04-15 18:20:06', 'Hull', 8, 45),
(139, '2018-04-15 18:20:10', 'Hull', 8, 45),
(140, '2018-04-15 18:27:40', 'Hull', 8, 45),
(141, '2018-04-15 18:29:03', 'Hull', 8, 45),
(142, '2018-04-15 18:29:56', 'Hull', 8, 45),
(143, '2018-04-15 18:32:25', 'Hull', 8, 45),
(144, '2018-04-15 18:33:05', 'Hull', 8, 56),
(145, '2018-04-16 03:42:22', 'Hull', 9, 57),
(146, '2018-04-16 03:57:07', 'Hull', 9, 45),
(147, '2018-04-16 03:57:48', 'Hull', 9, 53),
(148, '2018-04-16 03:58:29', 'Hull', 9, 58),
(149, '2018-04-16 03:58:51', 'Hull', 9, 10),
(150, '2018-04-16 04:00:03', 'Hull', 9, 28),
(151, '2018-04-16 04:00:59', 'Hull', 9, 53),
(152, '2018-04-16 04:14:37', 'Hull', 9, 59),
(153, '2018-04-16 04:15:02', 'Hull', 9, 60),
(154, '2018-04-16 04:15:18', 'Hull', 9, 61),
(155, '2018-04-16 04:15:29', 'Hull', 9, 17),
(156, '2018-04-16 04:19:28', 'Hull', 9, 17),
(157, '2018-04-16 10:55:23', 'Hull', 8, 62),
(158, '2018-04-16 10:55:42', 'Hull', 8, 63),
(159, '2018-04-16 10:56:20', 'Hull', 8, 64),
(160, '2018-04-16 11:11:53', 'Hull', 8, 65),
(161, '2018-04-16 11:13:36', 'Hull', 8, 59),
(162, '2018-04-16 11:17:42', 'Hull', 8, 66),
(163, '2018-04-16 11:18:31', 'Hull', 8, 67),
(164, '2018-04-16 12:23:35', 'Hull', 8, 68),
(165, '2018-04-16 12:48:45', 'Hull', 8, 68),
(166, '2018-04-16 15:22:24', 'Hull', 8, 69),
(167, '2018-04-16 15:40:45', 'Hull', 8, 17),
(168, '2018-04-16 15:49:43', 'Hull', 8, 70),
(169, '2018-04-16 15:50:02', 'Hull', 8, 71),
(170, '2018-04-16 16:10:28', 'Hull', 8, 72),
(171, '2018-04-16 16:12:38', 'Hull', 8, 73),
(172, '2018-04-16 16:13:04', 'Hull', 8, 74),
(173, '2018-04-16 16:19:09', 'Hull', 8, 75),
(174, '2018-04-16 20:00:41', 'Hull', 8, 76),
(175, '2018-04-16 20:01:11', 'Hull', 8, 77),
(176, '2018-04-16 20:02:00', 'Hull', 8, 76),
(177, '2018-04-16 20:02:09', 'Hull', 8, 76),
(178, '2018-04-16 20:07:36', 'Hull', 8, 76),
(179, '2018-04-16 20:23:41', 'Hull', 8, 78),
(180, '2018-04-16 21:33:13', 'Hull', 8, 79),
(181, '2018-04-16 21:36:15', 'Hull', 8, 80),
(182, '2018-04-17 14:09:18', 'Hull', 8, 81),
(183, '2018-04-17 14:09:40', 'Hull', 8, 82),
(184, '2018-04-17 14:09:46', 'Hull', 8, 82),
(185, '2018-04-17 14:09:50', 'Hull', 8, 83),
(186, '2018-04-17 16:09:47', 'Hull', 8, 84),
(187, '2018-04-18 07:31:37', 'Hull', 8, 85),
(188, '2018-04-18 09:48:27', 'Hull', 8, 86),
(189, '2018-04-18 09:50:50', 'Hull', 8, 87),
(190, '2018-04-18 09:51:18', 'Hull', 8, 86),
(191, '2018-04-18 10:01:36', 'Hull', 8, 11),
(192, '2018-04-18 10:05:01', 'Hull', 8, 88),
(193, '2018-04-18 10:08:06', 'Hull', 8, 88),
(194, '2018-04-18 10:13:36', 'Hull', 8, 88),
(195, '2018-04-18 10:14:12', 'Hull', 8, 89),
(196, '2018-04-18 10:23:57', 'Hull', 8, 59),
(197, '2018-04-18 10:26:17', 'Hull', 8, 81),
(198, '2018-04-18 10:26:59', 'Hull', 8, 81),
(199, '2018-04-18 10:28:34', 'Hull', 8, 11),
(200, '2018-04-18 10:28:52', 'Hull', 8, 5),
(201, '2018-04-18 10:29:07', 'Hull', 8, 5),
(202, '2018-04-18 10:30:53', 'Hull', 8, 81),
(203, '2018-04-18 10:36:20', 'Hull', 8, 82),
(204, '2018-04-18 10:36:29', 'Hull', 8, 83),
(205, '2018-04-18 10:38:08', 'Hull', 8, 89),
(206, '2018-04-18 10:38:34', 'Hull', 8, 10),
(207, '2018-04-18 10:41:13', 'Hull', 8, 81),
(208, '2018-04-18 10:42:25', 'Hull', 8, 81),
(209, '2018-04-18 10:43:42', 'Hull', 8, 81),
(210, '2018-04-18 10:44:44', 'Hull', 8, 4),
(211, '2018-04-18 10:48:17', 'Hull', 8, 81),
(212, '2018-04-18 11:02:05', 'Hull', 8, 81),
(213, '2018-04-18 11:02:15', 'Hull', 8, 81),
(214, '2018-04-18 11:02:33', 'Hull', 8, 81),
(215, '2018-04-18 19:02:22', 'Hull', 8, 90),
(216, '2018-04-18 19:02:56', 'Hull', 8, 90),
(217, '2018-04-18 19:54:06', 'Hull', 8, 91),
(218, '2018-04-18 20:30:08', 'Hull', 8, 91),
(219, '2018-04-18 22:49:26', 'Hull', 8, 59),
(220, '2018-04-18 22:49:57', 'Hull', 8, 92),
(221, '2018-04-18 22:50:11', 'Hull', 8, 93),
(222, '2018-04-19 10:04:51', 'Hull', 9, 94),
(223, '2018-04-19 10:26:18', 'Hull', 9, 95),
(224, '2018-04-19 10:26:22', 'Hull', 9, 96),
(225, '2018-04-19 10:35:31', 'Hull', 9, 81),
(226, '2018-04-19 10:41:39', 'Hull', 9, 59),
(227, '2018-04-19 10:41:57', 'Hull', 9, 59),
(228, '2018-04-19 10:54:22', 'Hull', 9, 59),
(229, '2018-04-19 10:54:37', 'Hull', 9, 59),
(230, '2018-04-19 11:06:16', 'Hull', 9, 45),
(231, '2018-04-19 11:23:43', 'Hull', 9, 59),
(232, '2018-04-19 11:42:22', 'Hull', 9, 97),
(233, '2018-04-19 13:17:48', 'Hull', 8, 98),
(234, '2018-04-19 13:18:29', 'Hull', 8, 99),
(235, '2018-04-19 13:18:42', 'Hull', 8, 99),
(236, '2018-04-19 13:18:45', 'Hull', 8, 99),
(237, '2018-04-19 13:18:59', 'Hull', 8, 100),
(238, '2018-04-19 13:22:05', 'Hull', 8, 100),
(239, '2018-04-19 13:22:12', 'Hull', 8, 99),
(240, '2018-04-19 13:22:15', 'Hull', 8, 100),
(241, '2018-04-19 13:38:13', 'Hull', 8, 10),
(242, '2018-04-19 13:40:40', 'Hull', 8, 4),
(243, '2018-04-19 18:22:10', 'Hull', 8, 10),
(244, '2018-04-19 18:22:37', 'Hull', 8, 64),
(245, '2018-04-19 20:15:46', 'Hull', 8, 64),
(246, '2018-04-19 20:17:46', 'Hull', 8, 64),
(247, '2018-04-19 21:20:35', 'Hull', 8, 4),
(248, '2018-04-19 21:59:20', 'Hull', 8, 101),
(249, '2018-04-19 22:01:40', 'Hull', 8, 4),
(250, '2018-04-19 22:22:29', 'Hull', 8, 101),
(251, '2018-04-19 22:23:16', 'Hull', 8, 59),
(252, '2018-04-19 22:23:40', 'Hull', 8, 102),
(253, '2018-04-19 22:34:21', 'Hull', 8, 45),
(254, '2018-04-19 22:35:29', 'Hull', 8, 103),
(255, '2018-04-19 22:36:19', 'Hull', 8, 103),
(256, '2018-04-19 22:36:49', 'Hull', 8, 101),
(257, '2018-04-19 22:37:05', 'Hull', 8, 5),
(258, '2018-04-19 22:57:01', 'Hull', 8, 103),
(259, '2018-04-19 23:10:33', 'Hull', 8, 103),
(260, '2018-04-19 23:11:02', 'Hull', 8, 103),
(261, '2018-04-19 23:12:02', 'Hull', 8, 4),
(262, '2018-04-19 23:12:09', 'Hull', 8, 34),
(263, '2018-04-19 23:12:56', 'Hull', 8, 104),
(264, '2018-04-19 23:13:08', 'Hull', 8, 103),
(265, '2018-04-19 23:13:32', 'Hull', 8, 103),
(266, '2018-04-19 23:17:33', 'Hull', 8, 64),
(267, '2018-04-19 23:17:43', 'Hull', 8, 64),
(268, '2018-04-19 23:18:08', 'Hull', 8, 39),
(269, '2018-04-19 23:18:59', 'Hull', 8, 105),
(270, '2018-04-19 23:22:48', 'Hull', 8, 106),
(271, '2018-04-19 23:23:10', 'Hull', 8, 107),
(272, '2018-04-19 23:23:20', 'Hull', 8, 107),
(273, '2018-04-19 23:24:09', 'Hull', 8, 106),
(274, '2018-04-19 23:33:31', 'Hull', 8, 108),
(275, '2018-04-19 23:54:54', 'Hull', 8, 108),
(276, '2018-04-20 00:01:30', 'Hull', 8, 109),
(277, '2018-04-20 00:02:42', 'Hull', 8, 110),
(278, '2018-04-20 00:03:27', 'Hull', 8, 109),
(279, '2018-04-20 00:20:38', 'Hull', 8, 108),
(280, '2018-04-20 00:27:27', 'Hull', 8, 64),
(281, '2018-04-20 00:58:24', 'Hull', 8, 64),
(282, '2018-04-20 01:02:38', 'Hull', 8, 64),
(283, '2018-04-20 01:03:08', 'Hull', 8, 64),
(284, '2018-04-20 01:06:20', 'Hull', 8, 64),
(285, '2018-04-20 01:09:34', 'Hull', 8, 10),
(286, '2018-04-20 01:14:48', 'Hull', 8, 64),
(287, '2018-04-20 01:15:13', 'Hull', 8, 108),
(288, '2018-04-20 01:16:08', 'Hull', 8, 108),
(289, '2018-04-20 01:20:43', 'Hull', 8, 109),
(290, '2018-04-20 01:45:20', 'Hull', 8, 45),
(291, '2018-04-20 01:45:23', 'Hull', 8, 45),
(292, '2018-04-20 01:45:32', 'Hull', 8, 45),
(293, '2018-04-20 01:47:37', 'Hull', 8, 45),
(294, '2018-04-20 01:48:15', 'Hull', 8, 45),
(295, '2018-04-20 09:45:46', 'Hull', 8, 45),
(296, '2018-04-20 09:48:07', 'Hull', 8, 45),
(297, '2018-04-20 09:48:49', 'Hull', 8, 45),
(298, '2018-04-20 10:00:52', 'Hull', 8, 45),
(299, '2018-04-20 10:02:11', 'Hull', 8, 45),
(300, '2018-04-20 10:09:19', 'Hull', 8, 45),
(301, '2018-04-20 10:25:13', 'Hull', 8, 45),
(302, '2018-04-20 10:32:33', 'Hull', 8, 45),
(303, '2018-04-20 10:38:33', 'Hull', 8, 45),
(304, '2018-04-20 10:40:12', 'Hull', 8, 59),
(305, '2018-04-20 10:47:14', 'Hull', 8, 45),
(306, '2018-04-20 10:49:48', 'Hull', 8, 103),
(307, '2018-04-20 10:51:16', 'Hull', 8, 103),
(308, '2018-04-20 10:53:18', 'Hull', 8, 45),
(309, '2018-04-20 10:55:39', 'Hull', 8, 4),
(310, '2018-04-20 10:57:19', 'Hull', 8, 108),
(311, '2018-04-20 11:01:04', 'Hull', 8, 4),
(312, '2018-04-20 11:01:17', 'Hull', 8, 111),
(313, '2018-04-20 11:31:41', 'Hull', 8, 106),
(314, '2018-04-20 11:34:42', 'Hull', 8, 111),
(315, '2018-04-20 11:35:58', 'Hull', 8, 45),
(316, '2018-04-20 11:36:15', 'Hull', 8, 45),
(317, '2018-04-20 11:37:19', 'Hull', 8, 111),
(318, '2018-04-20 11:37:31', 'Hull', 8, 5),
(319, '2018-04-20 11:54:54', 'Hull', 8, 45),
(320, '2018-04-20 12:01:28', 'Hull', 8, 39),
(321, '2018-04-20 13:18:15', 'Hull', 8, 112),
(322, '2018-04-20 13:18:56', 'Hull', 8, 39),
(323, '2018-04-20 13:49:47', 'Hull', 8, 101),
(324, '2018-04-20 13:54:27', 'Hull', 8, 39),
(325, '2018-04-20 13:55:53', 'Hull', 8, 4),
(326, '2018-04-20 13:56:32', 'Hull', 8, 113),
(327, '2018-04-20 13:59:45', 'Hull', 8, 45),
(328, '2018-04-20 14:02:35', 'Hull', 8, 108),
(329, '2018-04-20 14:17:13', 'Hull', 8, 45),
(330, '2018-04-20 14:18:28', 'Hull', 8, 108),
(331, '2018-04-20 14:21:21', 'Hull', 8, 64),
(332, '2018-04-20 14:24:34', 'Hull', 8, 114),
(333, '2018-04-20 15:27:37', 'Hull', 8, 4),
(334, '2018-04-20 15:29:45', 'Hull', 8, 108),
(335, '2018-04-20 15:39:51', 'Hull', 8, 39),
(336, '2018-04-20 16:05:17', 'Hull', 8, 4),
(337, '2018-04-20 16:05:26', 'Hull', 8, 115),
(338, '2018-04-21 14:58:28', 'Hull', 8, 116),
(339, '2018-04-22 03:04:02', 'Hull', 8, 117),
(340, '2018-04-22 13:03:25', 'Hull', 8, 117),
(341, '2018-04-22 13:05:33', 'Hull', 8, 39),
(342, '2018-04-22 13:19:33', 'Hull', 8, 118),
(343, '2018-04-22 13:35:40', 'Hull', 8, 118),
(344, '2018-04-22 13:43:55', 'Hull', 8, 39),
(345, '2018-04-22 15:26:36', 'Hull', 8, 119),
(346, '2018-04-22 23:05:26', 'Hull', 8, 120),
(347, '2018-04-22 23:08:39', 'Hull', 8, 120),
(348, '2018-04-22 23:25:55', 'Hull', 8, 121),
(349, '2018-04-23 00:38:22', 'Hull', 8, 122),
(350, '2018-04-23 00:39:34', 'Hull', 8, 123),
(351, '2018-04-23 00:39:49', 'Hull', 8, 5),
(352, '2018-04-23 01:27:14', 'Hull', 8, 4),
(353, '2018-04-23 01:41:52', 'Hull', 8, 39),
(354, '2018-04-23 12:14:49', 'Hull', 8, 39),
(355, '2018-04-23 12:15:05', 'Hull', 8, 39),
(356, '2018-04-23 12:16:51', 'Hull', 8, 4),
(357, '2018-04-23 12:20:35', 'Hull', 8, 39),
(358, '2018-04-23 12:56:29', 'Hull', 8, 39),
(359, '2018-04-23 14:12:38', 'Hull', 8, 5),
(360, '2018-04-23 14:13:54', 'Hull', 8, 5),
(361, '2018-04-23 14:15:46', 'Hull', 8, 124),
(362, '2018-04-23 14:15:57', 'Hull', 8, 125),
(363, '2018-04-23 14:16:11', 'Hull', 8, 126),
(364, '2018-04-23 14:17:44', 'Hull', 8, 127),
(365, '2018-04-23 17:55:26', 'Hull', 8, 128),
(366, '2018-04-23 17:56:41', 'Hull', 8, 129),
(367, '2018-04-23 18:00:01', 'Hull', 8, 76),
(368, '2018-04-23 22:38:06', 'Hull', 8, 17),
(369, '2018-04-23 22:39:51', 'Hull', 8, 119),
(370, '2018-04-23 22:41:51', 'Hull', 8, 10),
(371, '2018-04-23 23:15:49', 'Hull', 8, 130),
(372, '2018-04-23 23:57:06', 'Hull', 8, 121),
(373, '2018-04-24 00:00:04', 'Hull', 8, 130),
(374, '2018-04-24 01:06:11', 'Hull', 8, 130),
(375, '2018-04-24 01:14:57', 'Hull', 8, 130),
(376, '2018-04-24 01:27:47', 'Hull', 8, 119),
(377, '2018-04-24 01:31:43', 'Hull', 8, 5),
(378, '2018-04-24 01:33:36', 'Hull', 8, 74),
(379, '2018-04-24 01:41:14', 'Hull', 8, 74),
(380, '2018-04-24 02:44:43', 'Hull', 8, 74),
(381, '2018-04-24 02:46:55', 'Hull', 8, 74),
(382, '2018-04-24 02:48:22', 'Hull', 8, 74),
(383, '2018-04-24 02:52:43', 'Hull', 8, 74),
(384, '2018-04-24 10:55:59', 'Hull', 8, 98),
(385, '2018-04-24 11:17:22', 'Hull', 8, 106),
(386, '2018-04-24 18:33:30', 'Hull', 8, 74),
(387, '2018-04-24 18:35:39', 'Hull', 8, 74),
(388, '2018-04-25 15:44:53', 'Hull', 8, 74),
(389, '2018-04-25 18:25:01', 'Hull', 8, 74),
(390, '2018-04-25 18:25:34', 'Hull', 8, 74),
(391, '2018-04-25 19:41:24', 'Hull', 8, 74),
(392, '2018-04-25 19:41:51', 'Hull', 8, 74),
(393, '2018-04-25 20:47:59', 'Hull', 8, 74),
(394, '2018-04-25 21:36:53', 'Hull', 8, 74),
(395, '2018-04-25 21:44:19', 'Hull', 8, 74),
(396, '2018-04-26 03:01:54', 'Hull', 8, 101),
(397, '2018-04-26 03:04:06', 'Hull', 8, 98),
(398, '2018-04-26 03:43:09', 'Hull', 8, 131),
(399, '2018-04-26 12:10:29', 'Hull', 8, 76),
(400, '2018-04-26 12:16:37', 'Hull', 8, 74),
(401, '2018-04-26 12:20:50', 'Hull', 8, 74),
(402, '2018-04-26 12:32:22', 'Hull', 8, 97),
(403, '2018-04-26 12:33:29', 'Hull', 8, 132),
(404, '2018-04-26 12:33:36', 'Hull', 8, 132),
(405, '2018-04-26 12:33:47', 'Hull', 8, 76),
(406, '2018-04-26 12:34:49', 'Hull', 8, 58),
(407, '2018-04-26 12:37:52', 'Hull', 8, 23),
(408, '2018-04-26 12:37:58', 'Hull', 8, 39),
(409, '2018-04-26 14:14:37', 'Hull', 8, 74),
(410, '2018-04-26 15:08:48', 'Hull', 8, 74),
(411, '2018-04-26 19:33:19', 'Hull', 8, 74),
(412, '2018-04-26 19:52:19', 'Hull', 8, 119),
(413, '2018-04-27 00:08:12', 'Hull', 8, 74),
(414, '2018-04-27 00:55:43', 'Hull', 8, 4),
(415, '2018-04-27 12:55:46', 'Hull', 8, 105),
(416, '2018-04-27 13:26:04', 'Hull', 8, 74),
(417, '2018-04-27 14:42:38', 'Hull', 8, 133),
(418, '2018-04-27 14:43:06', 'Hull', 8, 134),
(419, '2018-04-27 14:43:16', 'Hull', 8, 34),
(420, '2018-04-27 15:17:21', 'Hull', 8, 74),
(421, '2018-04-27 15:45:25', 'Hull', 8, 135),
(422, '2018-04-27 16:07:07', 'Hull', 8, 136),
(423, '2018-05-04 03:00:41', 'Hull', 8, 4),
(424, '2018-05-09 12:06:31', 'Hull', 8, 91),
(425, '2018-05-09 12:11:54', 'Hull', 8, 91),
(426, '2018-05-09 12:24:42', 'Hull', 8, 91),
(427, '2018-05-09 13:32:50', 'Hull', 8, 27),
(428, '2018-05-09 13:33:02', 'Hull', 8, 28),
(429, '2018-05-09 13:33:12', 'Hull', 8, 137),
(430, '2018-05-09 13:42:02', 'Hull', 8, 10),
(431, '2018-05-09 15:34:25', 'Hull', 8, 91),
(432, '2018-05-09 15:42:19', 'Hull', 8, 91),
(433, '2018-05-09 15:42:27', 'Hull', 8, 4),
(434, '2018-05-09 15:44:48', 'Hull', 8, 45),
(435, '2018-05-09 15:44:58', 'Hull', 8, 138),
(436, '2018-05-09 15:52:21', 'Hull', 8, 139),
(437, '2018-05-09 18:24:29', 'Hull', 8, 74),
(438, '2018-05-09 18:44:37', 'Hull', 8, 140),
(439, '2018-05-10 07:39:39', 'Hull', 8, 98),
(440, '2018-05-10 09:02:35', 'Hull', 8, 5),
(441, '2018-05-10 10:04:37', 'Hull', 8, 141);

-- --------------------------------------------------------

--
-- Table structure for table `usertrack`
--

CREATE TABLE `usertrack` (
  `userTrackID` int(11) NOT NULL,
  `savedTime` datetime NOT NULL,
  `userID` int(11) NOT NULL,
  `trackID` int(11) NOT NULL,
  `trackNo` int(11) NOT NULL,
  `searched` varchar(255) NOT NULL
) ENGINE=InnoDB DEFAULT CHARSET=latin1;

--
-- Dumping data for table `usertrack`
--

INSERT INTO `usertrack` (`userTrackID`, `savedTime`, `userID`, `trackID`, `trackNo`, `searched`) VALUES
(61, '2018-04-27 16:40:03', 8, 45, 4, 'nas');

-- --------------------------------------------------------

--
-- Table structure for table `usertrackviewed`
--

CREATE TABLE `usertrackviewed` (
  `userTrackViewedID` int(11) NOT NULL,
  `viewedTime` datetime NOT NULL,
  `userID` int(11) NOT NULL,
  `trackViewedID` int(11) NOT NULL,
  `trackNo` int(11) NOT NULL,
  `searched` varchar(255) NOT NULL
) ENGINE=InnoDB DEFAULT CHARSET=latin1;

--
-- Dumping data for table `usertrackviewed`
--

INSERT INTO `usertrackviewed` (`userTrackViewedID`, `viewedTime`, `userID`, `trackViewedID`, `trackNo`, `searched`) VALUES
(11, '2018-04-27 14:44:50', 8, 7, 0, 'skepta'),
(12, '2018-04-27 14:46:47', 8, 7, 0, 'skepta'),
(13, '2018-04-27 14:47:17', 8, 8, 19, 'skepta'),
(14, '2018-04-27 14:47:38', 8, 8, 19, 'skepta'),
(15, '2018-04-27 15:17:31', 8, 9, 4, 'nas'),
(16, '2018-04-27 15:21:27', 8, 9, 4, 'nas'),
(17, '2018-04-27 15:21:41', 8, 9, 4, 'nas'),
(18, '2018-04-27 15:46:06', 8, 10, 0, 'b young'),
(19, '2018-04-27 15:46:45', 8, 10, 0, 'b young'),
(20, '2018-04-27 15:47:01', 8, 10, 0, 'b young'),
(21, '2018-04-27 15:53:00', 8, 11, 18, 'J Hus'),
(22, '2018-04-27 15:53:43', 8, 12, 17, 'J Hus'),
(23, '2018-04-27 16:05:56', 8, 10, 0, 'b young'),
(24, '2018-04-27 16:07:17', 8, 13, 0, 'migos notice'),
(25, '2018-04-27 16:08:08', 8, 13, 0, 'migos notice'),
(26, '2018-04-27 16:08:26', 8, 13, 0, 'migos notice'),
(27, '2018-04-27 16:12:09', 8, 13, 0, 'migos notice'),
(28, '2018-04-27 16:12:42', 8, 13, 0, 'migos notice'),
(29, '2018-04-27 16:12:58', 8, 13, 0, 'migos notice'),
(30, '2018-04-27 16:39:37', 8, 9, 4, 'nas'),
(31, '2018-04-27 16:40:03', 8, 9, 4, 'nas'),
(32, '2018-04-27 16:40:20', 8, 9, 4, 'nas'),
(33, '2018-04-27 16:43:49', 8, 12, 17, 'J Hus'),
(34, '2018-04-27 16:44:04', 8, 10, 0, 'b young'),
(35, '2018-04-27 16:44:21', 8, 12, 17, 'J Hus'),
(36, '2018-04-27 16:44:46', 8, 13, 0, 'migos notice'),
(37, '2018-04-27 16:45:12', 8, 13, 0, 'migos notice'),
(38, '2018-04-27 16:45:26', 8, 13, 0, 'migos notice'),
(39, '2018-04-27 16:46:20', 8, 10, 0, 'b young'),
(40, '2018-04-27 16:47:18', 8, 13, 0, 'migos notice'),
(41, '2018-04-27 16:47:30', 8, 10, 0, 'b young'),
(42, '2018-04-27 16:48:41', 8, 13, 0, 'migos notice'),
(43, '2018-04-27 16:49:04', 8, 13, 0, 'migos notice'),
(44, '2018-04-27 19:38:05', 8, 14, 2, 'Devlin'),
(45, '2018-04-27 19:38:33', 8, 15, 1, 'Devlin'),
(46, '2018-04-27 19:42:14', 8, 16, 5, 'Young Thug'),
(47, '2018-04-27 19:44:39', 8, 16, 5, 'Young Thug'),
(48, '2018-05-02 20:38:36', 8, 17, 1, 'Young Thug'),
(49, '2018-05-04 03:00:47', 8, 18, 2, '2pac'),
(50, '2018-05-09 02:53:26', 8, 19, 7, 'Yungen'),
(51, '2018-05-09 02:56:20', 8, 19, 7, 'Yungen'),
(52, '2018-05-09 03:00:04', 8, 19, 7, 'Yungen'),
(53, '2018-05-09 11:33:56', 8, 20, 0, 'Chip'),
(54, '2018-05-09 12:45:46', 8, 21, 0, 'lol'),
(55, '2018-05-09 15:01:42', 8, 22, 1, 'Young Thug'),
(56, '2018-05-09 15:02:12', 8, 22, 1, 'Young Thug'),
(57, '2018-05-09 15:02:57', 8, 9, 4, 'nas'),
(58, '2018-05-09 15:03:38', 8, 23, 7, 'Rich Homie Quan'),
(59, '2018-05-09 15:04:37', 8, 20, 0, 'Chip'),
(60, '2018-05-09 16:03:17', 8, 24, 11, 'akon'),
(61, '2018-05-09 16:05:45', 8, 24, 11, 'akon'),
(62, '2018-05-09 16:11:04', 8, 24, 11, 'akon'),
(63, '2018-05-09 16:12:52', 8, 24, 11, 'akon'),
(64, '2018-05-09 16:18:31', 8, 24, 11, 'akon'),
(65, '2018-05-09 16:20:35', 8, 24, 11, 'akon'),
(66, '2018-05-09 16:21:55', 8, 24, 11, 'akon'),
(67, '2018-05-09 17:21:15', 8, 24, 11, 'akon'),
(68, '2018-05-09 17:26:40', 8, 24, 11, 'akon'),
(69, '2018-05-09 17:41:23', 8, 24, 11, 'akon'),
(70, '2018-05-09 17:46:12', 8, 24, 11, 'akon'),
(71, '2018-05-09 17:50:57', 8, 24, 11, 'akon'),
(72, '2018-05-09 17:58:34', 8, 24, 11, 'akon'),
(73, '2018-05-09 18:02:50', 8, 24, 11, 'akon'),
(74, '2018-05-09 18:06:11', 8, 24, 11, 'akon'),
(75, '2018-05-09 18:10:30', 8, 24, 11, 'akon'),
(76, '2018-05-09 18:11:57', 8, 24, 11, 'akon'),
(77, '2018-05-09 18:16:11', 8, 24, 11, 'akon'),
(78, '2018-05-09 18:20:16', 8, 24, 11, 'akon'),
(79, '2018-05-09 18:22:54', 8, 24, 11, 'akon'),
(80, '2018-05-09 18:24:49', 8, 25, 0, 'nas'),
(81, '2018-05-09 18:28:02', 8, 25, 0, 'nas'),
(82, '2018-05-09 18:28:47', 8, 25, 0, 'nas'),
(83, '2018-05-09 18:31:16', 8, 25, 0, 'nas'),
(84, '2018-05-09 18:31:59', 8, 25, 0, 'nas'),
(85, '2018-05-09 18:33:42', 8, 25, 0, 'nas'),
(86, '2018-05-09 18:37:09', 8, 25, 0, 'nas'),
(87, '2018-05-09 18:37:54', 8, 25, 0, 'nas'),
(88, '2018-05-09 18:39:16', 8, 25, 0, 'nas'),
(89, '2018-05-09 18:40:03', 8, 25, 0, 'nas'),
(90, '2018-05-09 18:41:13', 8, 25, 0, 'nas'),
(91, '2018-05-09 18:41:45', 8, 25, 0, 'nas'),
(92, '2018-05-09 18:42:21', 8, 25, 0, 'nas'),
(93, '2018-05-09 18:42:54', 8, 25, 0, 'nas'),
(94, '2018-05-09 18:43:45', 8, 25, 0, 'nas'),
(95, '2018-05-09 18:44:50', 8, 26, 1, 'aj tracey'),
(96, '2018-05-09 18:46:14', 8, 27, 0, 'aj tracey'),
(97, '2018-05-10 04:02:14', 8, 9, 4, 'nas'),
(98, '2018-05-10 04:04:26', 8, 9, 4, 'nas'),
(99, '2018-05-10 04:07:48', 8, 9, 4, 'nas'),
(100, '2018-05-10 04:11:55', 8, 9, 4, 'nas'),
(101, '2018-05-10 04:17:00', 8, 9, 4, 'nas'),
(102, '2018-05-10 04:18:14', 8, 9, 4, 'nas'),
(103, '2018-05-10 04:18:58', 8, 9, 4, 'nas'),
(104, '2018-05-10 04:19:11', 8, 9, 4, 'nas'),
(105, '2018-05-10 04:21:16', 8, 9, 4, 'nas'),
(106, '2018-05-10 04:21:59', 8, 9, 4, 'nas'),
(107, '2018-05-10 04:24:30', 8, 9, 4, 'nas'),
(108, '2018-05-10 04:25:30', 8, 9, 4, 'nas'),
(109, '2018-05-10 04:26:20', 8, 9, 4, 'nas'),
(110, '2018-05-10 04:26:42', 8, 9, 4, 'nas'),
(111, '2018-05-10 04:27:12', 8, 9, 4, 'nas'),
(112, '2018-05-10 04:28:55', 8, 9, 4, 'nas'),
(113, '2018-05-10 04:29:09', 8, 9, 4, 'nas'),
(114, '2018-05-10 04:29:59', 8, 9, 4, 'nas'),
(115, '2018-05-10 04:32:44', 8, 9, 4, 'nas'),
(116, '2018-05-10 04:33:10', 8, 9, 4, 'nas'),
(117, '2018-05-10 04:33:14', 8, 9, 4, 'nas'),
(118, '2018-05-10 04:34:27', 8, 9, 4, 'nas'),
(119, '2018-05-10 04:34:35', 8, 9, 4, 'nas'),
(120, '2018-05-10 04:35:10', 8, 9, 4, 'nas'),
(121, '2018-05-10 04:35:35', 8, 9, 4, 'nas'),
(122, '2018-05-10 04:35:54', 8, 9, 4, 'nas'),
(123, '2018-05-10 04:36:14', 8, 9, 4, 'nas'),
(124, '2018-05-10 04:36:32', 8, 9, 4, 'nas'),
(125, '2018-05-10 04:36:57', 8, 9, 4, 'nas'),
(126, '2018-05-10 04:42:10', 8, 9, 4, 'nas'),
(127, '2018-05-10 04:43:31', 8, 9, 4, 'nas'),
(128, '2018-05-10 04:43:54', 8, 9, 4, 'nas'),
(129, '2018-05-10 04:44:11', 8, 9, 4, 'nas'),
(130, '2018-05-10 04:48:47', 8, 9, 4, 'nas'),
(131, '2018-05-10 04:49:00', 8, 9, 4, 'nas'),
(132, '2018-05-10 04:52:52', 8, 9, 4, 'nas'),
(133, '2018-05-10 04:53:12', 8, 9, 4, 'nas'),
(134, '2018-05-10 05:00:33', 8, 9, 4, 'nas'),
(135, '2018-05-10 05:01:12', 8, 9, 4, 'nas'),
(136, '2018-05-10 05:01:39', 8, 9, 4, 'nas'),
(137, '2018-05-10 05:01:56', 8, 9, 4, 'nas'),
(138, '2018-05-10 05:02:27', 8, 9, 4, 'nas'),
(139, '2018-05-10 05:02:38', 8, 9, 4, 'nas'),
(140, '2018-05-10 05:02:49', 8, 9, 4, 'nas'),
(141, '2018-05-10 05:03:45', 8, 9, 4, 'nas'),
(142, '2018-05-10 05:05:47', 8, 9, 4, 'nas'),
(143, '2018-05-10 05:06:03', 8, 9, 4, 'nas'),
(144, '2018-05-10 05:06:35', 8, 9, 4, 'nas'),
(145, '2018-05-10 05:43:48', 8, 9, 4, 'nas'),
(146, '2018-05-10 05:44:51', 8, 9, 4, 'nas'),
(147, '2018-05-10 05:44:59', 8, 9, 4, 'nas'),
(148, '2018-05-10 05:45:32', 8, 9, 4, 'nas'),
(149, '2018-05-10 05:46:22', 8, 9, 4, 'nas'),
(150, '2018-05-10 05:48:45', 8, 9, 4, 'nas'),
(151, '2018-05-10 05:51:45', 8, 9, 4, 'nas'),
(152, '2018-05-10 05:52:07', 8, 9, 4, 'nas'),
(153, '2018-05-10 05:52:22', 8, 9, 4, 'nas'),
(154, '2018-05-10 05:52:37', 8, 9, 4, 'nas'),
(155, '2018-05-10 05:52:51', 8, 9, 4, 'nas'),
(156, '2018-05-10 05:53:04', 8, 9, 4, 'nas'),
(157, '2018-05-10 05:53:38', 8, 9, 4, 'nas'),
(158, '2018-05-10 05:54:18', 8, 9, 4, 'nas'),
(159, '2018-05-10 05:54:44', 8, 9, 4, 'nas'),
(160, '2018-05-10 05:55:02', 8, 9, 4, 'nas'),
(161, '2018-05-10 05:55:13', 8, 9, 4, 'nas'),
(162, '2018-05-10 05:56:17', 8, 9, 4, 'nas'),
(163, '2018-05-10 05:56:57', 8, 9, 4, 'nas'),
(164, '2018-05-10 05:57:09', 8, 9, 4, 'nas'),
(165, '2018-05-10 05:57:41', 8, 9, 4, 'nas'),
(166, '2018-05-10 05:58:05', 8, 9, 4, 'nas'),
(167, '2018-05-10 05:58:16', 8, 9, 4, 'nas'),
(168, '2018-05-10 05:58:32', 8, 9, 4, 'nas'),
(169, '2018-05-10 05:59:01', 8, 9, 4, 'nas'),
(170, '2018-05-10 06:01:01', 8, 9, 4, 'nas'),
(171, '2018-05-10 06:01:21', 8, 9, 4, 'nas'),
(172, '2018-05-10 06:01:34', 8, 9, 4, 'nas'),
(173, '2018-05-10 06:01:45', 8, 9, 4, 'nas'),
(174, '2018-05-10 06:02:23', 8, 9, 4, 'nas'),
(175, '2018-05-10 06:02:33', 8, 9, 4, 'nas'),
(176, '2018-05-10 06:02:55', 8, 9, 4, 'nas'),
(177, '2018-05-10 06:03:25', 8, 9, 4, 'nas'),
(178, '2018-05-10 06:03:37', 8, 9, 4, 'nas'),
(179, '2018-05-10 06:06:10', 8, 9, 4, 'nas'),
(180, '2018-05-10 06:06:44', 8, 9, 4, 'nas'),
(181, '2018-05-10 06:06:57', 8, 9, 4, 'nas'),
(182, '2018-05-10 06:07:16', 8, 9, 4, 'nas'),
(183, '2018-05-10 06:07:26', 8, 9, 4, 'nas'),
(184, '2018-05-10 06:07:35', 8, 9, 4, 'nas'),
(185, '2018-05-10 06:07:46', 8, 9, 4, 'nas'),
(186, '2018-05-10 06:08:25', 8, 9, 4, 'nas'),
(187, '2018-05-10 06:08:42', 8, 9, 4, 'nas'),
(188, '2018-05-10 06:09:06', 8, 9, 4, 'nas'),
(189, '2018-05-10 06:09:15', 8, 9, 4, 'nas'),
(190, '2018-05-10 06:09:29', 8, 9, 4, 'nas'),
(191, '2018-05-10 06:09:45', 8, 9, 4, 'nas'),
(192, '2018-05-10 06:09:55', 8, 9, 4, 'nas'),
(193, '2018-05-10 06:10:44', 8, 9, 4, 'nas'),
(194, '2018-05-10 06:10:52', 8, 9, 4, 'nas'),
(195, '2018-05-10 06:11:03', 8, 9, 4, 'nas'),
(196, '2018-05-10 06:14:29', 8, 9, 4, 'nas'),
(197, '2018-05-10 06:14:58', 8, 9, 4, 'nas'),
(198, '2018-05-10 06:15:15', 8, 9, 4, 'nas'),
(199, '2018-05-10 06:15:23', 8, 9, 4, 'nas'),
(200, '2018-05-10 06:15:45', 8, 9, 4, 'nas'),
(201, '2018-05-10 06:16:00', 8, 9, 4, 'nas'),
(202, '2018-05-10 06:16:11', 8, 9, 4, 'nas'),
(203, '2018-05-10 06:16:41', 8, 9, 4, 'nas'),
(204, '2018-05-10 06:16:48', 8, 9, 4, 'nas'),
(205, '2018-05-10 06:16:56', 8, 9, 4, 'nas'),
(206, '2018-05-10 06:17:18', 8, 9, 4, 'nas'),
(207, '2018-05-10 06:17:36', 8, 9, 4, 'nas'),
(208, '2018-05-10 06:18:34', 8, 9, 4, 'nas'),
(209, '2018-05-10 06:18:51', 8, 9, 4, 'nas'),
(210, '2018-05-10 06:19:04', 8, 9, 4, 'nas'),
(211, '2018-05-10 06:19:18', 8, 9, 4, 'nas'),
(212, '2018-05-10 06:19:32', 8, 9, 4, 'nas'),
(213, '2018-05-10 06:19:56', 8, 9, 4, 'nas'),
(214, '2018-05-10 06:20:24', 8, 9, 4, 'nas'),
(215, '2018-05-10 06:22:22', 8, 9, 4, 'nas'),
(216, '2018-05-10 06:22:40', 8, 9, 4, 'nas'),
(217, '2018-05-10 06:23:56', 8, 9, 4, 'nas'),
(218, '2018-05-10 06:24:19', 8, 9, 4, 'nas'),
(219, '2018-05-10 06:24:35', 8, 9, 4, 'nas'),
(220, '2018-05-10 06:24:49', 8, 9, 4, 'nas'),
(221, '2018-05-10 06:25:06', 8, 9, 4, 'nas'),
(222, '2018-05-10 06:25:16', 8, 9, 4, 'nas'),
(223, '2018-05-10 06:25:43', 8, 9, 4, 'nas'),
(224, '2018-05-10 06:26:20', 8, 9, 4, 'nas'),
(225, '2018-05-10 06:26:33', 8, 9, 4, 'nas'),
(226, '2018-05-10 06:26:40', 8, 9, 4, 'nas'),
(227, '2018-05-10 06:26:52', 8, 9, 4, 'nas'),
(228, '2018-05-10 06:27:01', 8, 9, 4, 'nas'),
(229, '2018-05-10 06:27:08', 8, 9, 4, 'nas'),
(230, '2018-05-10 06:27:28', 8, 9, 4, 'nas'),
(231, '2018-05-10 06:27:36', 8, 9, 4, 'nas'),
(232, '2018-05-10 06:27:43', 8, 9, 4, 'nas'),
(233, '2018-05-10 06:28:19', 8, 9, 4, 'nas'),
(234, '2018-05-10 06:28:43', 8, 9, 4, 'nas'),
(235, '2018-05-10 06:28:52', 8, 28, 5, 'nas'),
(236, '2018-05-10 06:28:59', 8, 29, 6, 'nas'),
(237, '2018-05-10 06:29:01', 8, 30, 7, 'nas'),
(238, '2018-05-10 06:29:04', 8, 31, 8, 'nas'),
(239, '2018-05-10 06:29:06', 8, 32, 9, 'nas'),
(240, '2018-05-10 06:29:26', 8, 32, 9, 'nas'),
(241, '2018-05-10 06:30:05', 8, 32, 9, 'nas'),
(242, '2018-05-10 06:30:18', 8, 32, 9, 'nas'),
(243, '2018-05-10 06:30:37', 8, 32, 9, 'nas'),
(244, '2018-05-10 06:30:44', 8, 32, 9, 'nas'),
(245, '2018-05-10 06:31:00', 8, 32, 9, 'nas'),
(246, '2018-05-10 06:31:35', 8, 32, 9, 'nas'),
(247, '2018-05-10 06:32:06', 8, 32, 9, 'nas'),
(248, '2018-05-10 06:32:24', 8, 32, 9, 'nas'),
(249, '2018-05-10 06:33:49', 8, 33, 10, 'nas'),
(250, '2018-05-10 06:33:52', 8, 34, 11, 'nas'),
(251, '2018-05-10 06:33:54', 8, 35, 12, 'nas'),
(252, '2018-05-10 06:35:09', 8, 36, 13, 'nas'),
(253, '2018-05-10 06:35:13', 8, 37, 14, 'nas'),
(254, '2018-05-10 06:37:27', 8, 37, 14, 'nas'),
(255, '2018-05-10 06:37:35', 8, 36, 13, 'nas'),
(256, '2018-05-10 06:37:39', 8, 35, 12, 'nas'),
(257, '2018-05-10 06:38:05', 8, 35, 12, 'nas'),
(258, '2018-05-10 06:38:09', 8, 36, 13, 'nas'),
(259, '2018-05-10 06:38:11', 8, 35, 12, 'nas'),
(260, '2018-05-10 06:38:53', 8, 35, 12, 'nas'),
(261, '2018-05-10 06:39:54', 8, 35, 12, 'nas'),
(262, '2018-05-10 06:40:28', 8, 35, 12, 'nas'),
(263, '2018-05-10 06:42:20', 8, 35, 12, 'nas'),
(264, '2018-05-10 06:42:39', 8, 36, 13, 'nas'),
(265, '2018-05-10 06:43:13', 8, 37, 14, 'nas'),
(266, '2018-05-10 06:43:47', 8, 37, 14, 'nas'),
(267, '2018-05-10 06:43:49', 8, 36, 13, 'nas'),
(268, '2018-05-10 06:43:51', 8, 35, 12, 'nas'),
(269, '2018-05-10 06:45:18', 8, 35, 12, 'nas'),
(270, '2018-05-10 06:45:27', 8, 36, 13, 'nas'),
(271, '2018-05-10 06:45:34', 8, 35, 12, 'nas'),
(272, '2018-05-10 06:49:39', 8, 35, 12, 'nas'),
(273, '2018-05-10 06:49:54', 8, 35, 12, 'nas'),
(274, '2018-05-10 06:51:59', 8, 35, 12, 'nas'),
(275, '2018-05-10 06:52:07', 8, 36, 13, 'nas'),
(276, '2018-05-10 06:53:10', 8, 35, 12, 'nas'),
(277, '2018-05-10 06:53:14', 8, 36, 13, 'nas'),
(278, '2018-05-10 06:54:26', 8, 36, 13, 'nas'),
(279, '2018-05-10 06:54:37', 8, 35, 12, 'nas'),
(280, '2018-05-10 06:54:43', 8, 35, 12, 'nas'),
(281, '2018-05-10 06:55:06', 8, 35, 12, 'nas'),
(282, '2018-05-10 06:55:45', 8, 35, 12, 'nas'),
(283, '2018-05-10 06:56:12', 8, 35, 12, 'nas'),
(284, '2018-05-10 06:56:17', 8, 35, 12, 'nas'),
(285, '2018-05-10 06:56:23', 8, 35, 12, 'nas'),
(286, '2018-05-10 06:56:26', 8, 36, 13, 'nas'),
(287, '2018-05-10 06:56:36', 8, 35, 12, 'nas'),
(288, '2018-05-10 07:01:13', 8, 35, 12, 'nas'),
(289, '2018-05-10 07:01:44', 8, 35, 12, 'nas'),
(290, '2018-05-10 07:04:29', 8, 35, 12, 'nas'),
(291, '2018-05-10 07:07:37', 8, 35, 12, 'nas'),
(292, '2018-05-10 07:08:03', 8, 35, 12, 'nas'),
(293, '2018-05-10 07:08:50', 8, 35, 12, 'nas'),
(294, '2018-05-10 07:09:23', 8, 35, 12, 'nas'),
(295, '2018-05-10 07:10:27', 8, 35, 12, 'nas'),
(296, '2018-05-10 07:13:10', 8, 35, 12, 'nas'),
(297, '2018-05-10 07:14:00', 8, 35, 12, 'nas'),
(298, '2018-05-10 07:15:54', 8, 35, 12, 'nas'),
(299, '2018-05-10 07:16:58', 8, 35, 12, 'nas'),
(300, '2018-05-10 07:18:11', 8, 35, 12, 'nas'),
(301, '2018-05-10 07:19:51', 8, 35, 12, 'nas'),
(302, '2018-05-10 07:20:46', 8, 35, 12, 'nas'),
(303, '2018-05-10 07:21:05', 8, 35, 12, 'nas'),
(304, '2018-05-10 07:21:46', 8, 35, 12, 'nas'),
(305, '2018-05-10 07:22:07', 8, 35, 12, 'nas'),
(306, '2018-05-10 07:22:15', 8, 35, 12, 'nas'),
(307, '2018-05-10 07:22:57', 8, 35, 12, 'nas'),
(308, '2018-05-10 07:23:21', 8, 35, 12, 'nas'),
(309, '2018-05-10 07:23:42', 8, 35, 12, 'nas'),
(310, '2018-05-10 07:24:43', 8, 35, 12, 'nas'),
(311, '2018-05-10 07:25:22', 8, 35, 12, 'nas'),
(312, '2018-05-10 07:26:21', 8, 35, 12, 'nas'),
(313, '2018-05-10 07:26:57', 8, 35, 12, 'nas'),
(314, '2018-05-10 07:27:15', 8, 35, 12, 'nas'),
(315, '2018-05-10 07:28:16', 8, 35, 12, 'nas'),
(316, '2018-05-10 07:28:37', 8, 35, 12, 'nas'),
(317, '2018-05-10 07:29:08', 8, 35, 12, 'nas'),
(318, '2018-05-10 07:29:42', 8, 35, 12, 'nas'),
(319, '2018-05-10 07:29:56', 8, 35, 12, 'nas'),
(320, '2018-05-10 07:30:49', 8, 35, 12, 'nas'),
(321, '2018-05-10 07:31:20', 8, 35, 12, 'nas'),
(322, '2018-05-10 07:31:48', 8, 35, 12, 'nas'),
(323, '2018-05-10 07:32:15', 8, 35, 12, 'nas'),
(324, '2018-05-10 07:32:55', 8, 35, 12, 'nas'),
(325, '2018-05-10 07:33:10', 8, 35, 12, 'nas'),
(326, '2018-05-10 07:33:51', 8, 35, 12, 'nas'),
(327, '2018-05-10 07:34:16', 8, 35, 12, 'nas'),
(328, '2018-05-10 07:34:29', 8, 35, 12, 'nas'),
(329, '2018-05-10 07:35:27', 8, 35, 12, 'nas'),
(330, '2018-05-10 07:36:08', 8, 35, 12, 'nas'),
(331, '2018-05-10 07:36:34', 8, 35, 12, 'nas'),
(332, '2018-05-10 07:36:59', 8, 35, 12, 'nas'),
(333, '2018-05-10 07:37:14', 8, 35, 12, 'nas'),
(334, '2018-05-10 07:38:08', 8, 35, 12, 'nas'),
(335, '2018-05-10 07:38:34', 8, 35, 12, 'nas'),
(336, '2018-05-10 07:38:59', 8, 35, 12, 'nas'),
(337, '2018-05-10 07:39:28', 8, 36, 13, 'nas'),
(338, '2018-05-10 07:39:44', 8, 38, 0, 'jay z'),
(339, '2018-05-10 07:42:33', 8, 38, 0, 'jay z'),
(340, '2018-05-10 07:46:37', 8, 38, 0, 'jay z'),
(341, '2018-05-10 07:48:46', 8, 38, 0, 'jay z'),
(342, '2018-05-10 07:49:20', 8, 38, 0, 'jay z'),
(343, '2018-05-10 07:52:48', 8, 38, 0, 'jay z'),
(344, '2018-05-10 07:53:05', 8, 38, 0, 'jay z'),
(345, '2018-05-10 07:55:14', 8, 38, 0, 'jay z'),
(346, '2018-05-10 07:57:44', 8, 38, 0, 'jay z'),
(347, '2018-05-10 08:02:16', 8, 38, 0, 'jay z'),
(348, '2018-05-10 08:03:08', 8, 38, 0, 'jay z'),
(349, '2018-05-10 08:07:15', 8, 38, 0, 'jay z'),
(350, '2018-05-10 08:09:21', 8, 38, 0, 'jay z'),
(351, '2018-05-10 08:09:45', 8, 38, 0, 'jay z'),
(352, '2018-05-10 08:09:58', 8, 38, 0, 'jay z'),
(353, '2018-05-10 08:11:05', 8, 38, 0, 'jay z'),
(354, '2018-05-10 08:11:33', 8, 38, 0, 'jay z'),
(355, '2018-05-10 08:12:50', 8, 38, 0, 'jay z'),
(356, '2018-05-10 08:13:12', 8, 38, 0, 'jay z'),
(357, '2018-05-10 08:13:57', 8, 38, 0, 'jay z'),
(358, '2018-05-10 08:14:18', 8, 38, 0, 'jay z'),
(359, '2018-05-10 08:15:02', 8, 38, 0, 'jay z'),
(360, '2018-05-10 08:15:28', 8, 38, 0, 'jay z'),
(361, '2018-05-10 08:15:41', 8, 38, 0, 'jay z'),
(362, '2018-05-10 08:17:04', 8, 38, 0, 'jay z'),
(363, '2018-05-10 08:17:51', 8, 38, 0, 'jay z'),
(364, '2018-05-10 08:18:38', 8, 38, 0, 'jay z'),
(365, '2018-05-10 08:19:33', 8, 38, 0, 'jay z'),
(366, '2018-05-10 08:19:57', 8, 38, 0, 'jay z'),
(367, '2018-05-10 08:20:22', 8, 38, 0, 'jay z'),
(368, '2018-05-10 08:20:36', 8, 38, 0, 'jay z'),
(369, '2018-05-10 08:23:17', 8, 38, 0, 'jay z'),
(370, '2018-05-10 08:24:20', 8, 38, 0, 'jay z'),
(371, '2018-05-10 08:24:58', 8, 38, 0, 'jay z'),
(372, '2018-05-10 08:26:19', 8, 38, 0, 'jay z'),
(373, '2018-05-10 08:26:56', 8, 38, 0, 'jay z'),
(374, '2018-05-10 08:27:25', 8, 38, 0, 'jay z'),
(375, '2018-05-10 08:28:11', 8, 38, 0, 'jay z'),
(376, '2018-05-10 08:28:27', 8, 38, 0, 'jay z'),
(377, '2018-05-10 08:28:56', 8, 38, 0, 'jay z'),
(378, '2018-05-10 08:29:29', 8, 38, 0, 'jay z'),
(379, '2018-05-10 08:29:44', 8, 38, 0, 'jay z'),
(380, '2018-05-10 08:30:52', 8, 38, 0, 'jay z'),
(381, '2018-05-10 08:31:15', 8, 38, 0, 'jay z'),
(382, '2018-05-10 08:33:14', 8, 38, 0, 'jay z'),
(383, '2018-05-10 08:33:42', 8, 38, 0, 'jay z'),
(384, '2018-05-10 08:33:55', 8, 38, 0, 'jay z'),
(385, '2018-05-10 08:34:12', 8, 38, 0, 'jay z'),
(386, '2018-05-10 08:36:55', 8, 38, 0, 'jay z'),
(387, '2018-05-10 08:37:23', 8, 38, 0, 'jay z'),
(388, '2018-05-10 08:37:49', 8, 38, 0, 'jay z'),
(389, '2018-05-10 08:38:36', 8, 38, 0, 'jay z'),
(390, '2018-05-10 08:40:53', 8, 38, 0, 'jay z'),
(391, '2018-05-10 08:42:21', 8, 38, 0, 'jay z'),
(392, '2018-05-10 08:46:16', 8, 38, 0, 'jay z'),
(393, '2018-05-10 08:47:43', 8, 38, 0, 'jay z'),
(394, '2018-05-10 08:48:24', 8, 38, 0, 'jay z'),
(395, '2018-05-10 08:49:49', 8, 38, 0, 'jay z'),
(396, '2018-05-10 08:50:50', 8, 38, 0, 'jay z'),
(397, '2018-05-10 08:52:23', 8, 38, 0, 'jay z'),
(398, '2018-05-10 08:53:42', 8, 38, 0, 'jay z'),
(399, '2018-05-10 08:54:40', 8, 38, 0, 'jay z'),
(400, '2018-05-10 08:55:51', 8, 38, 0, 'jay z'),
(401, '2018-05-10 08:57:28', 8, 38, 0, 'jay z'),
(402, '2018-05-10 09:00:10', 8, 39, 17, 'Mariah Carey'),
(403, '2018-05-10 09:00:44', 8, 39, 17, 'Mariah Carey'),
(404, '2018-05-10 09:01:11', 8, 40, 19, 'Ciara'),
(405, '2018-05-10 09:01:45', 8, 40, 19, 'Ciara'),
(406, '2018-05-10 09:02:10', 8, 41, 19, 'Brandy'),
(407, '2018-05-10 09:02:44', 8, 42, 4, 'bob marley'),
(408, '2018-05-10 09:07:00', 8, 42, 4, 'bob marley'),
(409, '2018-05-10 09:08:20', 8, 42, 4, 'bob marley'),
(410, '2018-05-10 09:09:05', 8, 42, 4, 'bob marley'),
(411, '2018-05-10 09:09:40', 8, 42, 4, 'bob marley'),
(412, '2018-05-10 09:10:17', 8, 42, 4, 'bob marley'),
(413, '2018-05-10 09:11:48', 8, 42, 4, 'bob marley'),
(414, '2018-05-10 09:12:52', 8, 42, 4, 'bob marley'),
(415, '2018-05-10 09:13:41', 8, 42, 4, 'bob marley'),
(416, '2018-05-10 09:14:36', 8, 42, 4, 'bob marley'),
(417, '2018-05-10 09:15:20', 8, 42, 4, 'bob marley'),
(418, '2018-05-10 09:15:50', 8, 42, 4, 'bob marley'),
(419, '2018-05-10 09:16:22', 8, 42, 4, 'bob marley'),
(420, '2018-05-10 09:18:04', 8, 42, 4, 'bob marley'),
(421, '2018-05-10 09:23:22', 8, 42, 4, 'bob marley'),
(422, '2018-05-10 09:24:35', 8, 42, 4, 'bob marley'),
(423, '2018-05-10 09:27:26', 8, 42, 4, 'bob marley'),
(424, '2018-05-10 09:28:43', 8, 42, 4, 'bob marley'),
(425, '2018-05-10 09:29:15', 8, 43, 19, 'Burning Spear'),
(426, '2018-05-10 09:32:27', 8, 43, 19, 'Burning Spear'),
(427, '2018-05-10 09:34:17', 8, 43, 19, 'Burning Spear'),
(428, '2018-05-10 09:34:40', 8, 43, 19, 'Burning Spear'),
(429, '2018-05-10 09:35:21', 8, 43, 19, 'Burning Spear'),
(430, '2018-05-10 09:36:01', 8, 43, 19, 'Burning Spear'),
(431, '2018-05-10 09:36:22', 8, 43, 19, 'Burning Spear'),
(432, '2018-05-10 09:36:46', 8, 43, 19, 'Burning Spear'),
(433, '2018-05-10 09:38:00', 8, 43, 19, 'Burning Spear'),
(434, '2018-05-10 09:38:40', 8, 43, 19, 'Burning Spear'),
(435, '2018-05-10 09:38:52', 8, 43, 19, 'Burning Spear'),
(436, '2018-05-10 09:40:23', 8, 43, 19, 'Burning Spear'),
(437, '2018-05-10 09:44:43', 8, 43, 19, 'Burning Spear'),
(438, '2018-05-10 09:48:05', 8, 43, 19, 'Burning Spear'),
(439, '2018-05-10 09:51:06', 8, 43, 19, 'Burning Spear'),
(440, '2018-05-10 09:53:44', 8, 43, 19, 'Burning Spear'),
(441, '2018-05-10 09:56:02', 8, 43, 19, 'Burning Spear'),
(442, '2018-05-10 09:58:02', 8, 43, 19, 'Burning Spear'),
(443, '2018-05-10 09:59:38', 8, 43, 19, 'Burning Spear'),
(444, '2018-05-10 10:01:33', 8, 43, 19, 'Burning Spear'),
(445, '2018-05-10 10:02:27', 8, 43, 19, 'Burning Spear'),
(446, '2018-05-10 10:03:31', 8, 43, 19, 'Burning Spear'),
(447, '2018-05-10 10:04:45', 8, 44, 2, 'krept and konan'),
(448, '2018-05-10 10:05:46', 8, 44, 2, 'krept and konan'),
(449, '2018-05-10 10:07:00', 8, 44, 2, 'krept and konan'),
(450, '2018-05-10 10:08:16', 8, 44, 2, 'krept and konan'),
(451, '2018-05-10 10:25:39', 8, 44, 2, 'krept and konan'),
(452, '2018-05-10 10:26:10', 8, 44, 2, 'krept and konan'),
(453, '2018-05-10 10:29:06', 8, 44, 2, 'krept and konan'),
(454, '2018-05-10 10:30:59', 8, 45, 19, 'Sneakbo');

-- --------------------------------------------------------

--
-- Table structure for table `uservibes`
--

CREATE TABLE `uservibes` (
  `userVibesID` int(11) NOT NULL,
  `username` varchar(12) NOT NULL,
  `password` varchar(64) NOT NULL,
  `salt` varchar(32) NOT NULL,
  `userID` int(11) NOT NULL
) ENGINE=InnoDB DEFAULT CHARSET=latin1;

--
-- Dumping data for table `uservibes`
--

INSERT INTO `uservibes` (`userVibesID`, `username`, `password`, `salt`, `userID`) VALUES
(1, 'mohammed', 'c9a4fb164f1774b225e7f90209895985772fe15d16a755badc1c4e3b0058c32c', '\\-*:t/)0', 9);

--
-- Indexes for dumped tables
--

--
-- Indexes for table `image`
--
ALTER TABLE `image`
  ADD PRIMARY KEY (`imageID`),
  ADD KEY `userID` (`userID`);

--
-- Indexes for table `searchedhistory`
--
ALTER TABLE `searchedhistory`
  ADD PRIMARY KEY (`searchedHistoryID`);

--
-- Indexes for table `track`
--
ALTER TABLE `track`
  ADD PRIMARY KEY (`trackID`);

--
-- Indexes for table `trackviewed`
--
ALTER TABLE `trackviewed`
  ADD PRIMARY KEY (`trackViewedID`);

--
-- Indexes for table `user`
--
ALTER TABLE `user`
  ADD PRIMARY KEY (`userID`);

--
-- Indexes for table `usersearchedhistory`
--
ALTER TABLE `usersearchedhistory`
  ADD PRIMARY KEY (`userSearchedHstoryID`),
  ADD KEY `searchHistoryID` (`searchedHistoryID`),
  ADD KEY `userID` (`userID`);

--
-- Indexes for table `usertrack`
--
ALTER TABLE `usertrack`
  ADD PRIMARY KEY (`userTrackID`),
  ADD KEY `userID` (`userID`),
  ADD KEY `trackID` (`trackID`);

--
-- Indexes for table `usertrackviewed`
--
ALTER TABLE `usertrackviewed`
  ADD PRIMARY KEY (`userTrackViewedID`),
  ADD KEY `userID` (`userID`),
  ADD KEY `trackViewedID` (`trackViewedID`);

--
-- Indexes for table `uservibes`
--
ALTER TABLE `uservibes`
  ADD PRIMARY KEY (`userVibesID`),
  ADD KEY `userID` (`userID`);

--
-- AUTO_INCREMENT for dumped tables
--

--
-- AUTO_INCREMENT for table `image`
--
ALTER TABLE `image`
  MODIFY `imageID` int(11) NOT NULL AUTO_INCREMENT, AUTO_INCREMENT=2;

--
-- AUTO_INCREMENT for table `searchedhistory`
--
ALTER TABLE `searchedhistory`
  MODIFY `searchedHistoryID` int(11) NOT NULL AUTO_INCREMENT, AUTO_INCREMENT=142;

--
-- AUTO_INCREMENT for table `track`
--
ALTER TABLE `track`
  MODIFY `trackID` int(11) NOT NULL AUTO_INCREMENT, AUTO_INCREMENT=48;

--
-- AUTO_INCREMENT for table `trackviewed`
--
ALTER TABLE `trackviewed`
  MODIFY `trackViewedID` int(11) NOT NULL AUTO_INCREMENT, AUTO_INCREMENT=46;

--
-- AUTO_INCREMENT for table `user`
--
ALTER TABLE `user`
  MODIFY `userID` int(11) NOT NULL AUTO_INCREMENT, AUTO_INCREMENT=13;

--
-- AUTO_INCREMENT for table `usersearchedhistory`
--
ALTER TABLE `usersearchedhistory`
  MODIFY `userSearchedHstoryID` int(11) NOT NULL AUTO_INCREMENT, AUTO_INCREMENT=442;

--
-- AUTO_INCREMENT for table `usertrack`
--
ALTER TABLE `usertrack`
  MODIFY `userTrackID` int(11) NOT NULL AUTO_INCREMENT, AUTO_INCREMENT=62;

--
-- AUTO_INCREMENT for table `usertrackviewed`
--
ALTER TABLE `usertrackviewed`
  MODIFY `userTrackViewedID` int(11) NOT NULL AUTO_INCREMENT, AUTO_INCREMENT=455;

--
-- AUTO_INCREMENT for table `uservibes`
--
ALTER TABLE `uservibes`
  MODIFY `userVibesID` int(11) NOT NULL AUTO_INCREMENT, AUTO_INCREMENT=2;

--
-- Constraints for dumped tables
--

--
-- Constraints for table `image`
--
ALTER TABLE `image`
  ADD CONSTRAINT `image_ibfk_1` FOREIGN KEY (`userID`) REFERENCES `user` (`userID`) ON UPDATE CASCADE;

--
-- Constraints for table `usersearchedhistory`
--
ALTER TABLE `usersearchedhistory`
  ADD CONSTRAINT `usersearchedhistory_ibfk_1` FOREIGN KEY (`userID`) REFERENCES `user` (`userID`) ON UPDATE CASCADE,
  ADD CONSTRAINT `usersearchedhistory_ibfk_2` FOREIGN KEY (`searchedHistoryID`) REFERENCES `searchedhistory` (`searchedHistoryID`);

--
-- Constraints for table `usertrack`
--
ALTER TABLE `usertrack`
  ADD CONSTRAINT `usertrack_ibfk_1` FOREIGN KEY (`userID`) REFERENCES `user` (`userID`) ON UPDATE CASCADE,
  ADD CONSTRAINT `usertrack_ibfk_2` FOREIGN KEY (`trackID`) REFERENCES `track` (`trackID`) ON UPDATE CASCADE;

--
-- Constraints for table `usertrackviewed`
--
ALTER TABLE `usertrackviewed`
  ADD CONSTRAINT `usertrackviewed_ibfk_1` FOREIGN KEY (`userID`) REFERENCES `user` (`userID`) ON UPDATE CASCADE,
  ADD CONSTRAINT `usertrackviewed_ibfk_2` FOREIGN KEY (`trackViewedID`) REFERENCES `trackviewed` (`trackViewedID`) ON UPDATE CASCADE;

--
-- Constraints for table `uservibes`
--
ALTER TABLE `uservibes`
  ADD CONSTRAINT `uservibes_ibfk_1` FOREIGN KEY (`userID`) REFERENCES `user` (`userID`) ON UPDATE CASCADE;
COMMIT;

/*!40101 SET CHARACTER_SET_CLIENT=@OLD_CHARACTER_SET_CLIENT */;
/*!40101 SET CHARACTER_SET_RESULTS=@OLD_CHARACTER_SET_RESULTS */;
/*!40101 SET COLLATION_CONNECTION=@OLD_COLLATION_CONNECTION */;
